{"precision": 0.157321185630811, "recall": 0.03807106598984772, "f1-score": 0.03567104342853483, "report": {"TIME": {"precision": 0.0, "recall": 0.0, "f1-score": 0.0, "support": 0.0}, "ACTIVITY": {"precision": 0.5, "recall": 0.01282051282051282, "f1-score": 0.025, "support": 78.0}, "LOC": {"precision": 0.0, "recall": 0.0, "f1-score": 0.0, "support": 9.0}, "ORG": {"precision": 0.03333333333333333, "recall": 0.0196078431372549, "f1-score": 0.024691358024691357, "support": 51.0}, "DATE": {"precision": 0.0, "recall": 0.0, "f1-score": 0.0, "support": 100.0}, "ABB": {"precision": 0.09615384615384616, "recall": 0.06944444444444445, "f1-score": 0.08064516129032258, "support": 72.0}, "FAC": {"precision": 0.019011406844106463, "recall": 0.4166666666666667, "f1-score": 0.03636363636363636, "support": 12.0}, "PRODUCT": {"precision": 0.0, "recall": 0.0, "f1-score": 0.0, "support": 36.0}, "PERSON": {"precision": 0.4, "recall": 0.0625, "f1-score": 0.10810810810810811, "support": 32.0}, "QUANTITY": {"precision": 0.3333333333333333, "recall": 0.25, "f1-score": 0.2857142857142857, "support": 4.0}, "accuracy": 0.03807106598984772, "macro avg": {"precision": 0.13818319196646195, "recall": 0.0831039467068879, "f1-score": 0.05605225495010441, "support": 394.0}, "weighted avg": {"precision": 0.157321185630811, "recall": 0.03807106598984772, "f1-score": 0.03567104342853483, "support": 394.0}}}