{"precision": 0.1253689056781962, "recall": 0.19035532994923857, "f1-score": 0.07138755541263753, "report": {"PRODUCT": {"precision": 1.0, "recall": 0.08333333333333333, "f1-score": 0.15384615384615385, "support": 36.0}, "DATE": {"precision": 0.0, "recall": 0.0, "f1-score": 0.0, "support": 100.0}, "QUANTITY": {"precision": 0.0, "recall": 0.0, "f1-score": 0.0, "support": 4.0}, "PERSON": {"precision": 0.0, "recall": 0.0, "f1-score": 0.0, "support": 32.0}, "LOC": {"precision": 0.0, "recall": 0.0, "f1-score": 0.0, "support": 9.0}, "ORG": {"precision": 0.0, "recall": 0.0, "f1-score": 0.0, "support": 51.0}, "ACTIVITY": {"precision": 0.0, "recall": 0.0, "f1-score": 0.0, "support": 78.0}, "ABB": {"precision": 0.18604651162790697, "recall": 1.0, "f1-score": 0.3137254901960784, "support": 72.0}, "FAC": {"precision": 0.0, "recall": 0.0, "f1-score": 0.0, "support": 12.0}, "accuracy": 0.19035532994923857, "macro avg": {"precision": 0.1317829457364341, "recall": 0.12037037037037036, "f1-score": 0.05195240489358136, "support": 394.0}, "weighted avg": {"precision": 0.1253689056781962, "recall": 0.19035532994923857, "f1-score": 0.07138755541263753, "support": 394.0}}}